{
  "lang":"en",
  "name":"pipeline",
  "version":"0.0.0",
  "spacy_version":">=3.1.6,<3.2.0",
  "description":"",
  "author":"",
  "email":"",
  "url":"",
  "license":"",
  "spacy_git_version":"e147a5239",
  "vectors":{
    "width":0,
    "vectors":0,
    "keys":0,
    "name":null
  },
  "labels":{
    "tok2vec":[

    ],
    "ner":[
      "PERSON"
    ]
  },
  "pipeline":[
    "tok2vec",
    "ner"
  ],
  "components":[
    "tok2vec",
    "ner"
  ],
  "disabled":[

  ],
  "performance":{
    "ents_f":0.9989740466,
    "ents_p":0.9992997723,
    "ents_r":0.9986485332,
    "ents_per_type":{
      "PERSON":{
        "p":0.9992997723,
        "r":0.9986485332,
        "f":0.9989740466
      }
    },
    "tok2vec_loss":55.3887399072,
    "ner_loss":34.1728894328
  }
}