{
  "lang":"en",
  "name":"pipeline",
  "version":"0.0.0",
  "spacy_version":">=3.4.0,<3.5.0",
  "description":"",
  "author":"",
  "email":"",
  "url":"",
  "license":"",
  "spacy_git_version":"d583626a8",
  "vectors":{
    "width":0,
    "vectors":0,
    "keys":0,
    "name":null,
    "mode":"default"
  },
  "labels":{
    "tok2vec":[

    ],
    "entity_ruler":[
      "PERSON"
    ],
    "ner":[
      "PERSON"
    ]
  },
  "pipeline":[
    "tok2vec",
    "entity_ruler",
    "ner"
  ],
  "components":[
    "tok2vec",
    "entity_ruler",
    "ner"
  ],
  "disabled":[

  ],
  "performance":{
    "ents_f":0.9980916439,
    "ents_p":0.9987964053,
    "ents_r":0.9973878763,
    "ents_per_type":{
      "PERSON":{
        "p":0.9987964053,
        "r":0.9973878763,
        "f":0.9980916439
      }
    },
    "tok2vec_loss":197.776637748,
    "ner_loss":70.6736534494
  }
}