{
  "lang":"en",
  "name":"pipeline",
  "version":"0.0.0",
  "spacy_version":">=3.4.0,<3.5.0",
  "description":"",
  "author":"",
  "email":"",
  "url":"",
  "license":"",
  "spacy_git_version":"d583626a8",
  "vectors":{
    "width":0,
    "vectors":0,
    "keys":0,
    "name":null,
    "mode":"default"
  },
  "labels":{
    "tok2vec":[

    ],
    "entity_ruler":[
      "PERSON"
    ],
    "ner":[
      "PERSON"
    ]
  },
  "pipeline":[
    "tok2vec",
    "entity_ruler",
    "ner"
  ],
  "components":[
    "tok2vec",
    "entity_ruler",
    "ner"
  ],
  "disabled":[

  ],
  "performance":{
    "ents_f":0.9971895943,
    "ents_p":0.9979087041,
    "ents_r":0.9964715201,
    "ents_per_type":{
      "PERSON":{
        "p":0.9979087041,
        "r":0.9964715201,
        "f":0.9971895943
      }
    },
    "tok2vec_loss":29.7820678287,
    "ner_loss":25.8913401991
  }
}